{"timestamp": 2.5348029136657715, "accel": [0.18005990065000002, 0.45104706009999995, 9.759126974099999], "accel_angles": [1.5523676770598915, 1.5246190690770918, 0.04972361211803814], "accel_mgtd": 9.771203831404458, "gyro": [15.583750000000002, 8.14625, -42.41125], "gyro_angles": [1.2244906382973824, 1.392420801083702, -2.7485477539582424], "gyro_mgtd": 45.91218552505969, "mag": [0.24934000000000003, 0.13034, -0.6785800000000001], "mag_angles": [1.2244906382973824, 1.392420801083702, -2.748547753958243], "mag_mgtd": 0.7345949684009551, "temp": 21.5}